Date of MAGIC data directories refers to the morning after data taking. Convention in LST is the opposite: directories refer to the day (evening) when the data taking starts.,,,,,,,,,,,,,
"Observing the same source means ""FOVs within 5 deg""; Same wobble means ""FOVs within 0.1 deg"" ",,,,,,,,,,,,,
,,,,,,,,,,,,,
"For info on this file, please contact:",,,,,,,,,,,,,
federico.dipierro@to.infn.it,,,,,,,,,,,,,
,,,,,,,,,,,,,
Date,Source,Conditions,Trigger (MAGIC),Stereo,HV,Min Zd [deg],Max Zd [deg],LST,MAGIC,,,,Notes
(LST convention),,,,,,LST-1 only,LST-1 only,Data runs,First run,Last run,Obs. time (min),Same wobble (min),
2019_11_23,CrabNebula,['Dark'],['Sum'],[True],['Nominal'],9.82,15.38,[1622],5086812,5086813,29.66,0,
2019_11_24,CrabNebula,['Dark'],['Sum'],[True],['Nominal'],8.26,14.49,"[1631, 1632, 1633]",5086858,5086859,31.28,0,
2019_11_26,CrabNebula,['Dark'],['L3T'],[True],['Nominal'],9.92,23.16,"[1651, 1652, 1653]",5086952,5086953,45.12,0,
2020_01_14,CrabNebula,['Dark'],['SumT'],[True],['Nominal'],17.39,29.16,"[1787, 1788]",5088351,5088353,58.14,0,
2020_01_15,CrabNebula,"['Dark', 'Moon']","['SumT', 'L3T']",[True],['Nominal'],19.18,42.52,"[1799, 1800, 1801]",5088408,5088421,77.78,0,
2020_01_17,CrabNebula,['Dark'],['L3T'],[True],"['Reduced', 'Nominal']",6.79,32.1,"[1809, 1813, 1814, 1817, 1818, 1819, 1820, 1821]",5088492,5088506,110.57,0,
2020_01_18,CrabNebula,"['Moon', 'Dark']",['L3T'],[True],['Nominal'],13.62,38.96,"[1832, 1833, 1834, 1835, 1836, 1837]",5088536,5088541,120.98,0,
2020_01_31,Mrk421,['Dark'],['L3T'],[True],['Nominal'],9.51,24.59,"[1919, 1921]",5088933,5088936,60.62,0,
2020_02_01,CrabNebula,['Moon'],['L3T'],[True],['Reduced'],19.54,25.64,"[1932, 1933]",5088974,5088975,38.4,0,
2020_02_02,CrabNebula,['Moon'],['L3T'],[True],['Nominal'],15.53,17.78,[1949],5089020,5089020,10.86,0,
2020_02_15,CrabNebula,['Dark'],['L3T'],[True],"['Nominal', 'Reduced']",18.24,39.36,"[1987, 1988, 1990, 1991, 1992]",5089194,5089199,88.22,0,
2020_02_17,CrabNebula,"['Moon', 'Dark']",['L3T'],[True],"['Nominal', 'Reduced']",6.75,38.07,"[1996, 1997, 1998, 1999, 2004]",5089274,5089283,98.74,0,
2020_02_18,CrabNebula,['Dark'],"['SumT', 'L3T']",[True],"['Nominal', 'Reduced']",6.9,38.77,"[2007, 2008, 2009, 2010, 2011, 2012, 2013, 2014]",5089318,5089331,166.38,0,
2020_02_27,CrabNebula,['Dark'],['L3T'],[True],['Nominal'],33.24,37.49,[2033],5089557,5089558,19.34,0,
2020_02_27,RGB0521+211,['Moon'],['L3T'],[True],['Nominal'],22.38,31.19,"[2031, 2032]",5089553,5089554,37.96,0,
2020_02_28,CrabNebula,['Moon'],['L3T'],[True],['Nominal'],34.42,43.73,"[2036, 2037]",5089602,5089607,41.45,0,
2020_06_18,Mrk421,['Dark'],['L3T'],[True],['Nominal'],59.97,72.44,"[2114, 2115, 2116, 2117]",5089907,5089909,59.11,0,
2020_06_24,Mrk501,['Dark'],['L1_M1_M2'],[True],['Nominal'],15.67,27,"[2139, 2140]",5090075,5090077,57.21,0,
2020_07_11,GRB200711A,['Dark'],['L3T'],[True],['Nominal'],35.28,53.1,"[2185, 2189, 2190, 2191]",5090172,5090176,82.34,3.14,
2020_07_13,Mrk501,['Dark'],['L3T'],[True],['Nominal'],33.24,34.31,[2208],5090255,5090256,7.51,0,
2020_07_20,PSRJ2229+611,['Dark'],['SumT'],[True],['Nominal'],32.16,33.15,"[2288, 2289, 2290, 2291]",5090372,5090375,60.7,25.15,
2020_07_26,1ES1959+650,['Dark'],['L3T'],[True],['Nominal'],46.07,52.5,"[2348, 2350, 2351, 2352]",5090582,5090588,50.24,1.45,
2020_07_26,PSRJ2229+611,['Dark'],['SumT'],[True],['Nominal'],32.51,32.8,"[2344, 2346]",5090578,5090579,29.78,0,
2020_08_09,1ES1959+650,['Moon'],['L3T'],[True],['Nominal'],36.83,37.27,"[2374, 2375]",5090709,5090710,23.4,3.64,
2020_08_10,1ES1959+650,['Moon'],['L3T'],[True],['Nominal'],37.22,37.46,[2381],5090734,5090735,14.9,13.02,
2020_08_11,1ES1959+650,['Moon'],['L3T'],[True],['Nominal'],38.03,41.42,"[2414, 2415, 2416]",5090766,5090769,54.17,0,
2020_08_17,1ES2344+514,['Dark'],['L3T'],[True],['Nominal'],23.08,32.99,"[2463, 2464, 2465, 2466, 2468, 2469]",5091028,5091033,107.87,49.68,
2020_08_25,GRB200826,['Dark'],['L3T'],[True],['Nominal'],21.47,27.79,[2514],5091247,5091249,31.85,0,
2020_08_27,1ES2344+514,['Dark'],['L3T'],[True],['Nominal'],23.3,24.07,[2535],5091287,5091288,19.36,0,
2020_09_13,CrabNebula,['Moon'],['L3T'],[True],['Nominal'],23.02,34.87,"[2691, 2692, 2693]",5091618,5091621,49.95,0,
2020_09_17,CrabNebula,['Dark'],['SumT'],[True],['Nominal'],41.22,41.97,[2751],5091753,5091753,3.44,0,
2020_09_18,CrabNebula,['Dark'],"['L1_M1_M2', 'SumT']",[True],['Nominal'],43.32,57.51,"[2758, 2759, 2760, 2761]",5091798,5091804,69.95,14.54,
2020_11_17,1A-0535+262,['Dark'],['L3T'],[True],['Nominal'],6.73,25.62,"[2911, 2912, 2913, 2914, 2915, 2916]",5093139,5093144,113.45,0,
2020_11_17,CrabNebula,['Dark'],['L3T'],[True],['Nominal'],30.78,40.65,"[2918, 2919]",5093151,5093152,39.57,6.9,
2020_11_18,1A-0535+262,['Dark'],['L3T'],[True],['Nominal'],21.72,30.57,"[2926, 2927]",5093179,5093180,39.62,0,
2020_11_18,CrabNebula,['Dark'],['L3T'],[True],['Nominal'],35.76,45.69,"[2923, 2924]",5093174,5093175,41.66,36.7,
2020_11_19,1A-0535+262,['Dark'],['L3T'],[True],['Nominal'],6.59,16.04,"[2950, 2952]",5093222,5093224,40,0,
2020_11_19,CrabNebula,['Dark'],['L3T'],[True],['Nominal'],35.16,47.23,"[2960, 2961]",5093231,5093232,50.13,44.43,
2020_11_20,1A-0535+262,['Dark'],['L3T'],[True],['Nominal'],6.72,12.94,"[2972, 2973, 2974, 2975]",5093264,5093269,79.22,8.08,
2020_11_20,CrabNebula,['Dark'],['L1_M1_M2'],[True],"['Reduced', 'Nominal']",13.99,21.63,"[2976, 2977]",5093269,5093271,38.98,17.47,
2020_11_21,1A-0535+262,['Dark'],['L3T'],[True],['Nominal'],6.6,12.63,"[2988, 2989, 2990]",5093317,5093319,58.65,0,
2020_12_07,CrabNebula,['Dark'],"['L3T', 'L1_M1_M2']",[True],['Nominal'],8.45,28.89,"[3093, 3094, 3095, 3096]",5093491,5093497,93.17,12.51,
2020_12_12,Mrk421,['Dark'],['L3T'],[True],['Nominal'],10.12,52.27,"[3216, 3217, 3218, 3219, 3220, 3221, 3222, 3223, 3224, 3225, 3226, 3227]",5093614,5093624,191.21,184.23,
2020_12_14,Mrk421,['Dark'],['L3T'],[True],['Nominal'],16.33,24.3,"[3247, 3248]",5093691,5093693,38.96,37.26,
2020_12_15,1ES0647+250,['Dark'],['L3T'],[True],['Nominal'],4.38,27.03,"[3281, 3282, 3283, 3284, 3285, 3286]",5093729,5093734,110.92,106.29,
2020_12_15,CrabNebula,['Dark'],['L3T'],[True],['Nominal'],35.7,50.07,"[3265, 3266, 3267, 3268]",5093711,5093714,59.25,55.2,
2020_12_17,GRB201216C,"['Moon', 'Dark']",['SumT'],[True],['Nominal'],12.13,22.54,"[3314, 3315, 3316, 3317]",5093771,5093775,76.98,0,
2020_12_18,1ES0647+250,['Dark'],['L3T'],[True],['Nominal'],8.2,21.53,"[3331, 3332, 3333]",5093846,5093848,57.69,56.41,
2020_12_19,1ES0647+250,['Dark'],['L3T'],[True],['Nominal'],10.81,24.18,"[3341, 3342, 3343]",5093881,5093883,58.37,57.92,
2020_12_20,1ES0647+250,['Dark'],['L3T'],[True],['Nominal'],9.44,25.7,"[3360, 3361, 3362, 3363, 3364]",5093924,5093928,70.65,68.4,
2020_12_21,3c279,['Dark'],['L3T'],[True],['Nominal'],39.58,41.74,"[3374, 3375]",5093987,5093988,14.14,13.79,
2020_12_22,CrabNebula,['Dark'],['SumT'],[True],['Nominal'],36.04,55.46,"[3382, 3383, 3385]",5094024,5094028,58.41,45.48,
2021_02_12,Mrk421,['Dark'],['L3T'],[True],"['Reduced', 'Nominal']",17.67,30.44,"[3617, 3618, 3619]",5094461,5094462,58.35,0,
2021_02_13,CrabNebula,['Dark'],['L3T'],[True],"['Reduced', 'Nominal']",12.28,35.74,"[3631, 3632, 3633, 3634, 3635, 3636]",5094483,5094488,96.14,94.92,
2021_02_14,Mrk421,['Dark'],['L3T'],[True],['Nominal'],18.54,26.31,"[3663, 3664]",5094547,5094548,40.86,15.12,
2021_02_15,3c279,['Dark'],['L3T'],[True],['Nominal'],35.55,41.56,"[3689, 3690, 3691, 3692]",5094582,5094585,63.41,26.85,
2021_02_17,GRB210217,['Moon'],['L3T'],[True],['Nominal'],43.29,47.2,"[3727, 3728]",5094643,5094644,39.35,0,
2021_02_17,M87,['Dark'],['L3T'],[True],['Nominal'],16.48,27.85,"[3738, 3739, 3741, 3742, 3743, 3744]",5094658,5094663,92.62,89.79,
2021_03_11,CrabNebula,['Dark'],['L3T'],[True],['Nominal'],16.49,33.83,"[3953, 3954, 3955, 3956]",5095076,5095079,68.99,56.08,
2021_03_13,CrabNebula,['Dark'],"['L3T', 'SumT']",[True],"['Nominal', 'Reduced']",40.31,69.98,"[4007, 4008, 4009, 4010, 4011, 4012, 4013, 4014]",5095172,5095182,121.52,107.4,
2021_03_13,Mrk421,['Dark'],['L3T'],[True],['Nominal'],26.45,38.53,"[4016, 4017, 4018, 4019]",5095198,5095201,48.9,48.9,
2021_03_14,1ES1215+303,['Dark'],['L3T'],[True],['Nominal'],4.99,4.99,[4048],5095242,5095242,14.26,0,
2021_03_15,CrabNebula,"['Moon', 'Dark']","['SumT', 'L3T']",[True],"['Nominal', 'Reduced']",20.65,63.95,"[4066, 4067, 4068, 4069, 4070, 4071, 4073, 4074, 4075]",5095265,5095281,150.4,119.62,
2021_03_16,TXS1700+685,['Dark'],['L3T'],[True],['Nominal'],44.88,50.24,"[4101, 4102, 4103, 4104]",5095347,5095350,55.83,52.94,
2021_03_17,CrabNebula,"['Moon', 'Dark']",['L3T'],[True],"['Reduced', 'Nominal']",47.96,70.94,"[4125, 4126, 4127, 4128, 4129]",5095376,5095383,101.09,81.94,
2021_03_19,1ES1959+650,['Dark'],['L3T'],[True],['Nominal'],53.59,60.5,"[4171, 4172, 4173, 4174]",5095499,5095502,40.52,35.8,
2021_03_19,Mrk501,['Dark'],['L3T'],[True],['Nominal'],31.19,43.71,"[4167, 4168, 4169, 4170]",5095493,5095496,57.62,54.65,
2021_03_21,M87,['Moon'],['L3T'],[True],['Nominal'],16.56,24.21,"[4200, 4201, 4202, 4203, 4204, 4205, 4206]",5095578,5095582,75.18,75,
2021_03_21,PG1553+113,['Moon'],['L3T'],[True],['Nominal'],37.76,41.81,[4207],5095585,5095586,19.41,14.82,
2021_04_10,GalacticCent,['Dark'],['L3T'],[True],['Nominal'],57.33,58.66,"[4371, 4372]",5096096,5096097,32.9,25.39,
2021_04_12,Cyg-X3,['Dark'],['SumT'],[True],['Nominal'],50.7,50.75,[4389],5096164,5096165,12.96,0,
2021_04_13,M87,['Dark'],['L3T'],[True],['Nominal'],16.9,19.09,"[4397, 4398]",5096182,5096183,40.1,30.7,
2021_04_16,GalacticCent,['Dark'],['L3T'],[True],['Nominal'],60.9,65.34,"[4449, 4450, 4451]",5096287,5096290,27.12,6.93,
2021_04_16,M87,['Dark'],['L3T'],[True],['Nominal'],17.75,30.27,"[4444, 4445, 4446, 4447]",5096274,5096280,81.13,0,
2021_04_16,Mrk421,['Moon'],['L3T'],[True],['Nominal'],10.09,20.67,"[4441, 4442, 4443]",5096268,5096270,53.29,18.98,
2021_04_16,Mrk501,['Dark'],['L3T'],[True],['Nominal'],10.58,15.3,"[4452, 4453, 4454, 4455]",5096293,5096296,47.38,14.85,
2021_04_17,M87,"['Moon', 'Dark']",['L3T'],[True],['Nominal'],16.15,24.16,"[4460, 4461, 4462, 4463, 4464, 4465]",5096306,5096310,94.14,76.91,
2021_04_17,Mrk501,['Dark'],['L3T'],[True],['Nominal'],10.98,17.88,"[4473, 4474, 4475, 4476]",5096329,5096332,60.27,44.58,
2021_04_18,GalacticCent,['Dark'],['L3T'],[True],['Nominal'],57.68,59.03,"[4486, 4487, 4488]",5096366,5096368,55.6,52.92,
2021_04_18,Mrk421,['Moon'],['L3T'],[True],['Nominal'],30.81,34.75,[4479],5096350,5096351,20.05,8.54,
2021_04_18,Mrk501,"['Moon', 'Dark']",['L3T'],[True],['Nominal'],25.88,37.83,"[4480, 4483]",5096354,5096356,35.14,32.6,
2021_04_19,M87,"['Moon', 'Dark']",['L3T'],[True],['Nominal'],17.51,38.96,"[4490, 4491, 4492, 4493, 4494, 4495]",5096390,5096395,104.42,95.13,
2021_04_19,Mrk501,['Dark'],['L3T'],[True],['Nominal'],17.5,24.45,"[4496, 4497]",5096398,5096399,36.07,36.03,
2021_04_20,GalacticCent,['Dark'],['L3T'],[True],['Nominal'],57.73,63,"[4511, 4512, 4513, 4518, 4519]",5096432,5096442,33.94,14.57,
2021_04_20,M87,['Moon'],['L3T'],[True],['Nominal'],37.41,47.74,"[4506, 4507, 4508, 4509]",5096425,5096429,44.55,39.09,
2021_04_20,PG1553+113,['Dark'],['L3T'],[True],['Nominal'],19.57,25.82,"[4514, 4515, 4516]",5096436,5096438,29.68,7.61,
2021_05_03,Mrk501-Mon,"['Dark', 'Moon']",['L3T'],[True],['Nominal'],10.58,17.91,"[4587, 4588, 4589, 4590]",5096612,5096615,56.09,39.2,
2021_05_04,GalacticCent,['Dark'],['L3T'],[True],['Nominal'],59.05,64.71,"[4603, 4604, 4605, 4606, 4607]",5096656,5096660,57.58,54.9,
2021_05_04,M87-Mon,['Dark'],['L3T'],[True],['Nominal'],16.58,18.28,"[4594, 4595]",5096638,5096640,29.22,27.91,
2021_05_06,GalacticCent,['Dark'],['L3T'],[True],['Nominal'],57.61,60.37,"[4629, 4630, 4631]",5096755,5096758,43.19,41.32,
2021_05_07,GalacticCent,['Dark'],['L3T'],[True],['Nominal'],57.33,59.81,"[4638, 4639, 4640, 4641]",5096796,5096799,60.31,54.01,
2021_05_07,M87,['Dark'],['L3T'],[True],['Nominal'],16.51,18.24,"[4636, 4637]",5096773,5096774,31.43,28.23,
2021_05_07,Mrk501,['Dark'],['L3T'],[True],['Nominal'],16.63,26.66,"[4642, 4643, 4644, 4645]",5096802,5096805,51.36,48.31,
2021_05_08,GalacticCent,['Dark'],['L3T'],[True],['Nominal'],59.8,60.19,[4660],5096839,5096840,6.76,5.84,
2021_05_08,Mrk421,['Dark'],['L3T'],[True],['Nominal'],12.83,15.49,[4649],5096812,5096812,17.11,14.6,
2021_05_08,PG1553+113,['Dark'],['L3T'],[True],['Nominal'],32.51,44.49,"[4652, 4653, 4654]",5096821,5096824,52.87,49.83,
2021_05_09,GalacticCent,['Dark'],['L3T'],[True],['Nominal'],57.65,58.51,"[4679, 4680, 4681]",5096879,5096881,32.28,29.09,
2021_05_11,GRB210511B,['Dark'],['L3T'],[True],['Nominal'],37.99,46.28,"[4718, 4719, 4720, 4721]",5096962,5096966,73.3,69.96,
2021_05_11,Mrk421,['Dark'],['L3T'],[True],['Nominal'],17.26,20.89,[4697],5096935,5096935,20.1,0,
2021_05_11,PKS1406-076,['Dark'],['SumT'],[True],['Nominal'],36.73,37.88,"[4700, 4701, 4702]",5096941,5096943,41.24,40.85,
2021_05_12,1ES1215+303,['Dark'],['L3T'],[True],['Nominal'],2.33,10.23,"[4725, 4726]",5096976,5096977,34.16,29.21,
2021_05_12,GalacticCent,['Dark'],['L3T'],[True],['Nominal'],58.44,60.29,"[4727, 4728]",5096999,5097000,27.89,25.33,
2021_05_13,FRB20200120E,['Dark'],['L3T'],[True],['Nominal'],53.66,55.16,[4738],5097026,5097026,16.87,1.45,
2021_05_15,TXS1700+685,['Dark'],['L3T'],[True],['Nominal'],39.7,40.2,"[4787, 4788]",5097058,5097061,27.15,9.71,
2021_05_18,TXS1700+685,['Dark'],['L3T'],[True],['Nominal'],40.16,40.35,[4820],5097184,5097184,7.96,0,
2021_05_30,1ES1959+650,"['Dark', 'Moon']",['L3T'],[True],['Nominal'],39.68,45.31,"[4840, 4841, 4843, 4844]",5097338,5097342,63.31,57.92,
2021_06_01,GalacticCent,"['Dark', 'Moon']",['L3T'],[True],['Nominal'],57.82,65.01,"[4870, 4871, 4872, 4873, 4874, 4875, 4876, 4877]",5097396,5097401,96.76,62.88,
2021_06_02,Cyg-X3,"['Dark', 'Moon']",['L3T'],[True],['Nominal'],27.57,49.9,"[4886, 4887, 4888, 4889, 4890, 4891, 4892, 4893, 4894]",5097433,5097438,82.81,28.26,
2021_06_02,GalacticCent,['Dark'],['L3T'],[True],['Nominal'],61.49,61.65,[4885],5097430,5097430,2.02,2.02,
2021_06_02,LHAASOJ2108+,['Moon'],['L3T'],[True],['Nominal'],29.83,36.61,"[4895, 4896, 4897]",5097441,5097442,44.86,26.32,
2021_06_04,GalacticCent,['Dark'],['L3T'],[True],['Nominal'],57.86,64.56,"[4906, 4907, 4908, 4909, 4910, 4911, 4912]",5097470,5097476,101.47,97.95,
2021_06_05,GalacticCent,['Dark'],['L3T'],[True],['Nominal'],57.46,65.45,"[4923, 4924, 4925, 4926, 4927, 4928, 4929]",5097500,5097508,117.85,110.14,
2021_06_05,LHAASOJ2108+,['Moon'],['L3T'],[True],['Nominal'],24.72,29.16,"[4935, 4936]",5097520,5097521,38.16,37.69,
2021_06_05,Mrk501,['Dark'],['L3T'],[True],['Nominal'],26.98,33.98,"[4933, 4934]",5097516,5097517,36.15,35.54,
2021_06_05,PG1553+113,['Dark'],['L3T'],[True],['Nominal'],32.15,42.72,"[4930, 4931, 4932]",5097511,5097513,49.27,47.62,
2021_06_06,LHAASOJ2108+,"['Dark', 'Moon']",['L3T'],[True],['Nominal'],24.17,27.9,"[4954, 4955]",5097551,5097552,38.18,37.22,
2021_06_06,Mrk421,['Dark'],['L3T'],[True],['Nominal'],35.19,38.89,[4939],5097528,5097528,20.09,17.27,
2021_06_08,Cyg-X3,['Dark'],['L3T'],[True],['Nominal'],40.27,52.2,"[4969, 4970, 4971]",5097596,5097598,54.27,18.11,
2021_06_08,GalacticCent,['Dark'],['L3T'],[True],['Nominal'],61.79,67.61,"[4966, 4967, 4968]",5097591,5097593,55.27,54.25,
2021_06_08,LHAASOJ2108+,['Dark'],['L3T'],[True],['Nominal'],23.74,37.47,"[4976, 4980, 4981, 4982]",5097604,5097613,68.39,64.99,
2021_06_08,Mrk421,['Dark'],['L3T'],[True],['Nominal'],34.76,37.77,[4962],5097583,5097583,15.27,15.27,
2021_06_08,Mrk501,['Dark'],['L3T'],[True],['Nominal'],27.65,35.81,"[4977, 4979]",5097607,5097608,26.2,22.33,
2021_06_08,TXS1700+685,['Dark'],['L3T'],[True],['Nominal'],43.09,46.52,"[4963, 4964, 4965]",5097586,5097588,47.26,47.04,
2021_06_09,GalacticCent,['Dark'],['L3T'],[True],['Nominal'],57.92,60.8,"[4990, 4991, 4992, 4993]",5097636,5097638,39.31,15.72,
2021_06_09,LHAASOJ2108+,['Dark'],['L3T'],[True],['Nominal'],26.49,45.46,"[4994, 4995, 4996, 4997, 4998, 4999, 5000]",5097641,5097647,129.57,125.61,
2021_06_09,M87,['Moon'],['L3T'],[True],['Nominal'],22.91,27.55,"[4985, 4986]",5097618,5097618,23.67,16.18,
2021_06_12,LHAASOJ2108+,['Dark'],['L3T'],[True],['Nominal'],23.42,36.92,"[5028, 5029, 5030, 5031, 5032, 5033, 5034]",5097737,5097744,121.52,109.58,
2021_06_13,Mrk501,['Moon'],['L3T'],[True],['Nominal'],21.98,37.54,"[5036, 5037, 5038, 5039, 5040]",5097749,5097753,67.04,58.48,
2021_06_29,GalacticCent,['Dark'],['L3T'],[True],['Nominal'],57.89,60.3,"[5062, 5063, 5064]",5098000,5098002,42.2,41.08,
2021_06_30,LHAASOJ2108+,['Dark'],['L3T'],[True],['Nominal'],41.98,47.88,"[5071, 5072]",5098030,5098031,33.81,33.81,
2021_07_01,LHAASOJ2108+,['Dark'],['L3T'],[True],['Nominal'],35.47,55.72,"[5079, 5080, 5081, 5082, 5083, 5084]",5098055,5098062,81.83,71.39,
2021_07_03,LHAASOJ2108+,['Dark'],['L3T'],[True],['Nominal'],27,50.18,"[5100, 5101, 5102, 5103, 5104, 5105, 5106, 5107, 5108]",5098094,5098102,134.96,117.43,
2021_07_04,GRB210704A,['Dark'],['L3T'],[True],['Nominal'],59.02,60.45,[5112],5098118,5098118,10.89,0,
2021_07_04,LHAASOJ2108+,['Dark'],['L3T'],[True],['Nominal'],30.27,51.71,"[5115, 5117, 5118, 5119, 5120, 5121]",5098123,5098132,115.87,87.99,
2021_07_05,LHAASOJ2108+,['Dark'],['L3T'],[True],['Nominal'],28.62,51.96,"[5135, 5136, 5137, 5138, 5139, 5140, 5141, 5142]",5098154,5098163,148.46,134.27,
2021_07_07,SGR1935+2154,['Dark'],['L3T'],[True],['Nominal'],7.1,20.67,"[5192, 5193, 5194, 5195, 5196, 5197, 5198, 5199]",5098223,5098228,105.45,63.44,
2021_07_08,Mrk501,['Dark'],['L3T'],[True],['Nominal'],15.52,16.6,[5206],5098249,5098249,7.18,0.57,
2021_07_08,S20109+22,['Dark'],['L3T'],[True],['Nominal'],33.6,41.51,"[5207, 5208]",5098273,5098275,33.69,31.65,
2021_07_09,BLLac,['Dark'],['L3T'],[True],['Nominal'],21.6,27.04,"[5219, 5220]",5098298,5098299,26.15,25.02,
2021_07_10,BLLac,['Dark'],['L3T'],[True],['Nominal'],34.85,40.28,"[5229, 5230]",5098326,5098327,21.2,19.41,
2021_07_10,GalacticCent,['Dark'],['L3T'],[True],['Nominal'],57.85,62.09,"[5223, 5224, 5225, 5226]",5098313,5098318,41.95,40.47,
2021_07_10,Mrk501,['Dark'],['L3T'],[True],['Nominal'],17.77,25.2,"[5227, 5228]",5098322,5098323,40.22,35.8,
2021_07_12,BLLac,['Dark'],['L3T'],[True],['Nominal'],40.5,46.76,"[5251, 5252]",5098367,5098368,30.21,16.52,
2021_07_12,SGR1935+2154,['Dark'],['L3T'],[True],['Nominal'],7.04,15.11,"[5253, 5254, 5255, 5256]",5098371,5098375,80.27,0,
2021_07_16,BLLac,['Dark'],['L3T'],[True],['Nominal'],17.05,18.69,[5283],5098498,5098498,12.1,12,
2021_07_17,BLLac,['Dark'],['L3T'],[True],['Nominal'],15.4,19.37,"[5302, 5303, 5304]",5098541,5098542,32.09,23.72,
2021_07_28,GalacticCent,['Dark'],['L3T'],[True],['Nominal'],57.8,58.93,"[5373, 5374]",5098715,5098716,22.7,11.39,
2021_08_01,GalacticCent,['Dark'],['L3T'],[True],['Nominal'],57.34,58.37,"[5436, 5437]",5098792,5098793,40.21,10.24,
2021_08_01,Mrk501,['Dark'],['L3T'],[True],['Nominal'],26.28,36.15,"[5438, 5439]",5098800,5098801,50.19,36.3,
2021_08_02,BLLac,['Dark'],['L3T'],[True],['Nominal'],40.03,45.07,"[5443, 5444]",5098833,5098835,25.22,13.79,
2021_08_03,BLLac,['Dark'],['L3T'],[True],['Nominal'],43.04,48.87,"[5454, 5455]",5098874,5098876,30.22,20.93,
2021_08_03,GRB210802A,['Dark'],['L3T'],[True],['Nominal'],32.73,34.91,[5453],5098871,5098871,10.11,0,
2021_08_04,LHAASOJ2108+,['Dark'],['L3T'],[True],['Nominal'],23.32,26.17,"[5478, 5479, 5480]",5098898,5098900,63.65,19.8,
2021_08_05,BLLac,['Dark'],['L3T'],[True],['Nominal'],43.98,51.15,"[5486, 5488]",5098925,5098926,33.18,22.4,
2021_08_05,Mrk501,['Dark'],['L3T'],[True],['Nominal'],24.34,31.35,"[5489, 5490]",5098929,5098930,36.21,32.83,
2021_08_06,GalacticCent,['Dark'],['L3T'],[True],['Nominal'],57.7,58.16,"[5503, 5504]",5098956,5098958,30.19,16.2,
2021_08_07,1ES1959+650,['Dark'],['L3T'],[True],"['Reduced', 'Nominal']",36.03,50.05,"[5520, 5521, 5522, 5523, 5524, 5525, 5526, 5527, 5528, 5529, 5530, 5531, 
5532, 5533, 5535, 5536, 5537, 5540, 5542]",5098996,5099014,268.78,178.07,
2021_08_07,GRB210807A,['Dark'],['L3T'],[True],['Nominal'],54.47,60.74,"[5543, 5544, 5545]",5099017,5099018,37.32,24.81,
2021_08_08,BLLac,['Dark'],['L3T'],[True],['Nominal'],13.67,31.61,"[5552, 5553, 5554, 5555, 5556, 5557, 5558, 5559]",5099039,5099047,115.93,57.26,
2021_08_08,Mrk501,['Dark'],['L3T'],[True],['Nominal'],28.33,35.08,"[5550, 5551]",5099035,5099036,33.54,33.54,
2021_08_09,LHAASOJ2108+,['Dark'],['L3T'],[True],['Nominal'],23.36,26.53,"[5586, 5587, 5590, 5591]",5099075,5099077,27.34,26.77,
2021_08_09,RSOph,['Dark'],['L3T'],[True],['Nominal'],36.79,42.66,"[5582, 5583, 5584]",5099069,5099071,50.13,46.49,
2021_08_10,RSOph,"['Moon', 'Dark']",['L3T'],[True],['Nominal'],35.53,59.71,"[5630, 5631, 5632, 5633, 5634, 5635, 5636, 5637, 5638, 5639]",5099100,5099110,169.05,165.1,
2021_08_12,BLLac,['Dark'],['L3T'],[True],['Nominal'],15.46,19.88,"[5705, 5706]",5099179,5099180,27.18,20.37,
2021_08_12,LHAASOJ2108+,['Dark'],['L3T'],[True],['Nominal'],24.08,25.3,"[5707, 5708]",5099183,5099184,32.19,27.29,
2021_08_12,RSOph,"['Moon', 'Dark']",['L3T'],[True],['Nominal'],35.67,55.65,"[5696, 5697, 5698, 5699, 5700, 5701, 5702, 5703, 5704]",5099168,5099176,141.92,135.62,
2021_08_13,CrabNebula,['Dark'],['L3T'],[True],['Nominal'],58.25,62.15,[5738],5099235,5099236,18.08,7.91,
2021_08_13,LHAASOJ2108+,['Dark'],['L3T'],[True],['Nominal'],24.69,28.26,"[5730, 5731]",5099221,5099222,32.19,29.99,
2021_08_13,RSOph,"['Moon', 'Dark']",['L3T'],[True],['Nominal'],36.31,54.7,"[5719, 5722, 5723, 5724, 5725, 5726]",5099205,5099213,80.61,77.68,
2021_08_14,BLLac,['Dark'],['L3T'],[True],['Nominal'],18.61,20.44,[5749],5099253,5099253,13.11,6.23,
2021_08_14,CrabNebula,['Dark'],['L3T'],[True],['Nominal'],54.14,58.5,[5759],5099260,5099261,20.1,8.06,
2021_08_14,LHAASOJ2108+,['Dark'],['L3T'],[True],['Nominal'],24.57,25.34,[5751],5099257,5099257,10.1,0.21,
2021_08_14,RSOph,['Moon'],['L3T'],[True],['Nominal'],35.57,46.1,"[5742, 5743, 5744, 5745, 5746, 5747, 5748]",5099243,5099248,89.68,89.68,
2021_08_29,RSOph,['Dark'],['L3T'],[True],['Nominal'],45.98,54.17,"[5890, 5891, 5892]",5099476,5099478,40.96,32.14,
2021_08_30,RSOph,['Dark'],['L3T'],[True],['Nominal'],40.33,55.67,"[5912, 5913, 5914, 5915, 5916]",5099507,5099511,84.3,69.71,
2021_09_01,LHAASOJ2108+,['Dark'],['L3T'],[True],['Nominal'],28.32,29.42,[5947],5099573,5099573,10.11,0,
2021_09_02,LHAASOJ2108+,['Dark'],['L3T'],[True],"['Reduced', 'Nominal']",23.78,47,"[5980, 5981, 5982, 5983, 5984, 5985, 5986, 5987, 5988, 5989]",5099607,5099615,146.04,127.05,
2021_09_03,LHAASOJ2108+,['Dark'],['L3T'],[True],['Nominal'],22.78,45.46,"[5998, 5999, 6000, 6001, 6002, 6003, 6004, 6005, 6006, 6007, 6008, 6009, 
6010]",5099635,5099647,199.67,184.74,
2021_09_04,LHAASOJ2108+,['Dark'],['L3T'],[True],['Nominal'],22.78,44.6,"[6021, 6022, 6023, 6024, 6026, 6034, 6035, 6036, 6037, 6038]",5099660,5099675,150.81,122.88,
2021_09_05,LHAASOJ2108+,['Dark'],['L3T'],[True],['Nominal'],22.97,35.58,"[6057, 6058, 6059, 6060, 6061, 6062, 6063, 6064, 6065]",5099695,5099703,137.89,135.62,
2021_09_06,Mrk501,['Dark'],['L3T'],[True],['Nominal'],25.63,31.87,"[6076, 6077]",5099723,5099724,30.21,30.21,
2021_09_06,PKS0420-01,['Dark'],['L3T'],[True],['Nominal'],41.24,44.67,[6119],5099743,5099743,20.08,0,
2021_09_07,PKS0420-01,['Dark'],['L3T'],[True],['Nominal'],40.27,49.81,"[6142, 6143, 6144, 6145]",5099771,5099774,42.41,42.41,
2021_09_10,LHAASOJ2108+,['Dark'],['L3T'],[True],['Nominal'],32.57,35.27,[6209],5099874,5099874,20.32,0,
2021_09_11,LHAASOJ2108+,['Dark'],['L3T'],[True],['Nominal'],34.38,57.69,"[6230, 6231, 6232, 6233, 6234, 6235, 6236, 6237]",5099912,5099919,150.2,139.77,
2021_09_13,SGR1935+2154,['Moon'],['L3T'],[True],['Nominal'],21.24,40.61,"[6269, 6270, 6271, 6272, 6273]",5099933,5099936,52.56,0,
2022_02_03,Mrk501,['Dark'],['L3T'],[True],['Nominal'],32.94,61.6,"[6858, 6859, 6860, 6861, 6862, 6863, 6864, 6865]",5100822,5100829,138.08,135.57,
2022_02_05,CrabNebula,"['Moon', 'Dark']",['L1_M1'],[False],"['Reduced', 'Nominal']",7.08,39.22,"[6890, 6891, 6892, 6893, 6894, 6895, 6896]",1501579,1501587,140.63,0,
2022_02_05,Mrk421,['Dark'],['L1_M1'],[False],['Nominal'],8.93,22.03,"[6900, 6901, 6902, 6903]",1501593,1501597,80.41,33.59,
2022_02_05,Mrk501,['Dark'],['L1_M1'],[False],['Nominal'],31.27,49.66,"[6927, 6928, 6929, 6930, 6931]",1501605,1501609,80.52,77.63,
2022_02_06,CrabNebula,['Moon'],['L1_M1'],[False],['Reduced'],10.04,14.18,"[6935, 6936]",1501614,1501618,38,0,
2022_02_06,Mrk421,"['Moon', 'Dark']",['L1_M1'],[False],"['Reduced', 'Nominal']",10.21,53.08,"[6937, 6938, 6939, 6940, 6941, 6947, 6948, 6949]",1501621,1501636,131.15,75.31,
2022_02_06,Mrk501,['Dark'],['L1_M1'],[False],['Nominal'],46.77,62.15,"[6953, 6954, 6955, 6956]",1501643,1501646,61.01,14.22,
2022_02_07,CrabNebula,['Moon'],['L1_M1'],[False],['Nominal'],39.24,43.85,"[6968, 6969]",1501658,1501658,23.37,4.43,
2022_02_07,Mrk501,['Dark'],['L1_M1'],[False],['Nominal'],47.53,55.92,"[6975, 6976]",1501672,1501673,38.51,0,
2022_02_08,Mrk421,['Dark'],['L1_M1'],[False],['Nominal'],9.32,10.23,"[6998, 6999]",1501686,1501686,34.5,8.63,
2022_02_10,Mrk421,['Moon'],['L3T'],[True],['Nominal'],11.44,11.92,[7043],5100907,5100907,16.11,0,
2022_03_01,CrabNebula,['Dark'],['L3T'],[True],['Nominal'],51.92,56.76,"[7171, 7172]",5101091,5101092,14.32,12.87,
2022_03_01,M87,['Dark'],['L3T'],[True],['Nominal'],27.6,47.48,"[7185, 7186, 7187, 7188, 7189]",5101114,5101118,62.89,61.51,
2022_03_01,Mrk421,['Dark'],['L3T'],[True],['Nominal'],28.28,37.79,"[7182, 7183, 7184]",5101109,5101111,43.68,42.09,
2022_03_01,PSRJ1402+13,['Dark'],['L3T'],[True],['Nominal'],19.63,47.48,"[7176, 7178, 7179, 7181]",5101098,5101106,39.59,28.33,
2022_03_02,CrabNebula,['Dark'],['L3T'],[True],"['Nominal', 'Reduced']",16.25,36.52,"[7197, 7198, 7200, 7201]",5101129,5101131,51.51,28.33,
2022_03_02,GRB220302A,['Dark'],['L3T'],[True],['Nominal'],52.23,61.18,"[7219, 7220, 7221]",5101165,5101167,50.61,42.49,
2022_03_02,PSRJ1402+13,['Dark'],['L3T'],[True],['Nominal'],16.35,47.15,"[7204, 7205, 7206, 7207, 7208, 7209, 7210, 7211, 7212, 7213, 7214]",5101145,5101155,151.11,134.79,
2022_03_02,SDSSJ1430+23,['Dark'],['L3T'],[True],['Nominal'],5.4,11.81,"[7215, 7216, 7217, 7218]",5101158,5101161,58.97,57.05,
2022_03_03,CrabNebula,['Dark'],['L3T'],[True],"['Reduced', 'Nominal']",10.29,45.35,"[7227, 7228, 7229, 7230, 7231, 7232, 7233, 7234, 7235, 7236, 7237, 7238]",5101172,5101182,137.74,127.86,
2022_03_03,IC-220303A,['Dark'],['L3T'],[True],['Nominal'],44.16,57.94,"[7243, 7244, 7245, 7246]",5101191,5101194,58.79,55.02,
2022_03_03,OT081,['Dark'],['L3T'],[True],['Nominal'],31.73,43.9,"[7247, 7248, 7249, 7250]",5101197,5101200,56.35,53.24,
2022_03_03,SDSSJ1430+23,['Dark'],['L3T'],[True],['Nominal'],19.08,31.29,"[7239, 7240, 7241, 7242]",5101185,5101188,50.98,48.54,
2022_03_04,CrabNebula,['Dark'],['L3T'],[True],"['Reduced', 'Nominal']",23.72,53.37,"[7255, 7256, 7258]",5101209,5101217,24.31,22.99,
2022_03_04,SDSSJ1430+23,['Dark'],['L3T'],[True],['Nominal'],17.24,20.59,[7266],5101233,5101233,15.66,0,
2022_03_05,CrabNebula,['Dark'],['L3T'],[True],"['Nominal', 'Reduced']",31.07,52.17,"[7277, 7278, 7279, 7280, 7281, 7282]",5101249,5101254,86.17,84.26,
2022_03_05,Mrk421,['Dark'],['L3T'],[True],['Nominal'],32.1,35.73,"[7289, 7290]",5101277,5101278,13.09,10.63,
2022_03_05,PKS1749+096,['Dark'],['L3T'],[True],"['Reduced', 'Nominal']",32.93,45.05,"[7295, 7296, 7297, 7298]",5101287,5101290,55.54,53.02,
2022_03_05,SDSSJ1430+23,['Dark'],['L3T'],[True],['Nominal'],5.78,9.88,"[7291, 7292, 7293, 7294]",5101281,5101284,52.05,49.3,
2022_03_06,CrabNebula,['Dark'],['L3T'],[True],['Nominal'],46.27,58.76,"[7305, 7306]",5101308,5101312,41.02,16.65,
2022_03_06,SDSSJ1430+23,['Dark'],['L3T'],[True],['Nominal'],5.39,6.44,"[7313, 7314]",5101335,5101337,27.7,25.06,
2022_03_07,M87,['Dark'],['L3T'],[True],['Nominal'],16.48,27.21,"[7330, 7331, 7332, 7333, 7334, 7335]",5101380,5101385,86.18,81.18,
2022_03_07,Mrk421,['Moon'],['L3T'],[True],['Nominal'],17.28,25.4,"[7321, 7322, 7323]",5101362,5101364,42.53,40.49,
2022_03_07,Mrk501,['Dark'],['L3T'],[True],['Nominal'],14.86,36.06,"[7336, 7337, 7338, 7339, 7340, 7341, 7342, 7343]",5101388,5101395,105.97,101.58,
2022_03_07,PSRJ1402+13,['Dark'],['L3T'],[True],['Nominal'],27.28,29.29,[7329],5101377,5101377,10.46,0,
2022_03_08,Mrk501,['Dark'],['L3T'],[True],['Nominal'],13.62,53.56,"[7351, 7352, 7353, 7354, 7355, 7356, 7357, 7358, 7359, 7360, 7361, 7362, 
7363, 7364]",5101430,5101444,201.99,189.09,
2022_03_08,Ton116,['Dark'],['L3T'],[True],['Nominal'],11.47,15.41,"[7348, 7349]",5101425,5101426,19.17,16.47,
2022_03_09,Mrk421,['Moon'],['L3T'],[True],['Nominal'],9.01,10.09,"[7369, 7370]",5101472,5101473,25.02,21.37,
2022_03_09,Mrk501,['Dark'],['L3T'],[True],['Nominal'],19.17,32.5,"[7381, 7382, 7383, 7384, 7385]",5101491,5101495,67.67,61.52,
2022_03_10,Mrk501,['Dark'],['L3T'],[True],['Nominal'],12.63,21.57,"[7401, 7402, 7403]",5101544,5101547,56.25,42.39,
2022_03_11,GRB220311A,"['Moon', 'Dark']",['L3T'],[True],['Nominal'],40.89,54.6,"[7414, 7415, 7416, 7417, 7418, 7419, 7420, 7421, 7422, 7423]",5101562,5101572,134.69,128.97,
2022_03_11,GalacticCent,['Dark'],['L3T'],[True],['Nominal'],62.56,68.99,"[7425, 7426, 7427, 7428]",5101575,5101578,58.64,13.56,
2022_03_24,Mrk501,['Moon'],['L1_M1'],[False],['Nominal'],31.14,41.56,"[7453, 7455]",1501755,1501757,26.19,18.68,
2022_03_25,Mrk501,"['Dark', 'Moon']",['L3T'],[True],['Nominal'],10.57,32.99,"[7482, 7483, 7484, 7485, 7486, 7487, 7488, 7489, 7490]",5101633,5101640,119.9,104.4,
2022_03_30,Mrk501,['Dark'],['L3T'],[True],['Nominal'],16.15,21.98,"[7564, 7565]",5101712,5101714,37.46,34,
2022_03_31,GalacticCent,['Dark'],['L3T'],[True],['Nominal'],58.45,61.71,"[7610, 7611, 7612]",5101757,5101759,58.75,57.86,
2022_03_31,SDSSJ1430+23,['Dark'],['L3T'],[True],['Nominal'],5.93,8.29,[7605],5101748,5101749,17.07,13.23,
2022_04_01,FRB-20200120,['Dark'],['L3T'],[True],['Nominal'],41.1,50.48,"[7624, 7625, 7626, 7627, 7628, 7629, 7630]",5101774,5101781,124.57,115.74,
2022_04_01,Mrk501,['Dark'],['L3T'],[True],['Nominal'],19.87,30.47,"[7635, 7636, 7637, 7638]",5101789,5101791,52.04,48.52,
2022_04_05,FRB-20200120,['Dark'],['L3T'],[True],['Nominal'],41.88,47,"[7653, 7654, 7655, 7656, 7657]",5101846,5101849,65.65,61.06,
2022_04_06,3C345,['Dark'],['L3T'],[True],['Nominal'],19.03,28.37,"[7694, 7695, 7696, 7697]",5101935,5101938,45.67,41.47,
2022_04_06,GalacticCent,['Dark'],['L3T'],[True],['Nominal'],60.5,64.6,"[7698, 7699, 7700, 7701, 7702]",5101941,5101943,33.62,20.79,
2022_04_06,Mrk421,['Moon'],['L3T'],[True],['Nominal'],14.54,19.69,"[7690, 7692]",5101921,5101923,20.22,10.86,
2022_04_07,GalacticCent,['Dark'],['L3T'],[True],['Nominal'],57.85,60.55,"[7726, 7727, 7728, 7729, 7730]",5102008,5102011,39.57,35.69,
2022_04_07,M87,"['Moon', 'Dark']",['L3T'],[True],['Nominal'],16.52,27.98,"[7712, 7713, 7714, 7715, 7716]",5101972,5101976,86.13,73.06,
2022_04_07,Mrk501,['Dark'],['L3T'],[True],['Nominal'],12.57,26.17,"[7720, 7721, 7722, 7723, 7724]",5102002,5102005,76.28,52.91,
2022_04_08,3C345,['Dark'],['L3T'],[True],['Nominal'],11.88,20.2,"[7748, 7749, 7750, 7751, 7752, 7753]",5102044,5102047,48.66,43.64,
2022_04_08,GalacticCent,['Dark'],['L3T'],[True],['Nominal'],57.84,60.79,"[7754, 7755, 7756, 7757, 7758]",5102050,5102053,47.8,42.86,
2022_04_08,M87,['Dark'],['L3T'],[True],['Nominal'],32.62,40.87,"[7745, 7746, 7747]",5102038,5102041,23.75,14.66,
2022_04_09,GalacticCent,['Dark'],['L3T'],[True],['Nominal'],57.99,58.46,"[7779, 7780]",5102084,5102085,20.36,19.34,
2022_04_09,M87,['Dark'],['L3T'],[True],['Nominal'],43.56,48.31,"[7773, 7774]",5102072,5102073,19.5,14.68,
2022_04_09,Mrk501,['Dark'],['L3T'],[True],['Nominal'],10.98,15.73,"[7775, 7776, 7777, 7778]",5102078,5102081,49.54,40.27,
2022_04_09,PKS1510-089,['Moon'],['L3T'],[True],"['Nominal', 'Reduced']",38.13,42,"[7767, 7768, 7769, 7770, 7771]",5102066,5102069,56.69,39.37,
2022_04_10,1ES1959+650,['Moon'],['L3T'],[True],['Nominal'],52.38,58.57,"[7790, 7791, 7792]",5102098,5102100,54.17,52.71,
2022_04_10,GalacticCent,['Dark'],['L3T'],[True],['Nominal'],57.13,62.13,"[7794, 7795, 7796, 7797, 7798]",5102103,5102107,66.86,0,
2022_04_21,1ES1959+650,['Moon'],['L3T'],[True],['Nominal'],45.18,52.31,"[7856, 7857, 7858, 7859]",5102182,5102188,64.33,54.83,
2022_04_21,M87,['Moon'],['L3T'],[True],['Nominal'],41.57,48.13,"[7854, 7855]",5102178,5102179,31.86,28.32,
2022_04_23,Mrk501,['Moon'],['L3T'],[True],['Nominal'],11.13,16.34,"[7875, 7876, 7877]",5102230,5102232,45.34,39.32,
2022_04_26,HESS1857+026,['Dark'],['L3T'],[True],['Nominal'],28.22,35.7,"[7896, 7897, 7898]",5102270,5102272,57.27,57,
2022_04_26,PKS1510-089,['Dark'],['L3T'],[True],['Nominal'],39.15,42.83,"[7891, 7892, 7893]",5102255,5102256,35.23,34.62,
2022_04_27,GalacticCent,['Dark'],['L3T'],[True],['Nominal'],57.12,57.98,"[7916, 7917, 7918]",5102311,5102313,51.06,44.72,
2022_04_28,Mrk421,['Dark'],['L3T'],[True],['Nominal'],9.38,12.84,"[7962, 7963, 7964, 7965]",5102318,5102322,72.74,70.19,
2022_04_30,GalacticCent,['Dark'],['L3T'],[True],['Nominal'],57.08,59.74,"[8038, 8039, 8040, 8041, 8042]",5102403,5102407,98.91,95,
2022_04_30,HESS1857+026,['Dark'],['L3T'],[True],['Nominal'],42.46,57.22,"[8035, 8036, 8037]",5102398,5102400,73.87,57.84,
2022_05_01,1ES1959+650,['Dark'],['L3T'],[True],"['Reduced', 'Nominal']",39.24,43.5,"[8065, 8066, 8067]",5102445,5102447,59.63,55.68,
2022_05_01,PG1553+113,['Dark'],['L3T'],[True],['Nominal'],17.35,27.38,"[8059, 8060, 8061, 8062, 8063, 8064]",5102437,5102442,113.86,110.96,
2022_05_03,1ES1959+650,['Dark'],['L3T'],[True],['Nominal'],38.4,44.01,"[8111, 8112, 8113, 8114]",5102520,5102524,70.67,67.57,
2022_05_03,HESS1857+026,['Dark'],['L3T'],[True],['Nominal'],35.87,53.49,"[8106, 8107, 8108, 8109, 8110]",5102513,5102517,88.19,85.72,
2022_05_03,M87,['Moon'],['L3T'],[True],['Nominal'],17.72,25.36,"[8091, 8092]",5102491,5102494,37.47,28.61,
2022_05_04,Mrk421,"['Moon', 'Dark']",['L3T'],[True],['Nominal'],10.69,57.83,"[8116, 8117, 8118, 8119, 8120, 8121, 8123, 8124, 8125, 8126, 8127, 8128, 
8129]",5102530,5102544,200.98,188.06,
2022_05_04,PKS1725+044,['Dark'],['L3T'],[True],['Nominal'],24.32,30.45,"[8132, 8133, 8134, 8135, 8136]",5102548,5102552,95.06,92.01,
2022_05_05,1ES1959+650,['Dark'],['L3T'],[True],['Nominal'],42.35,46.09,"[8198, 8199]",5102590,5102591,37.22,37.15,
2022_05_05,BLLac,['Dark'],['L3T'],[True],['Nominal'],41.03,48.84,"[8202, 8203, 8204]",5102596,5102597,39.68,35.43,
2022_05_05,Mrk421,"['Moon', 'Dark']",['L3T'],[True],['Nominal'],12.88,45.44,"[8180, 8181, 8182, 8183, 8184, 8185, 8188, 8189]",5102568,5102579,77.3,46.15,
2022_05_06,BLLac,['Dark'],['L3T'],[True],['Nominal'],41.68,60.86,"[8228, 8229, 8230, 8231, 8232]",5102628,5102632,99.92,93.88,
2022_05_06,GalacticCent,['Dark'],['L3T'],[True],['Nominal'],58.99,64.13,"[8223, 8224, 8225, 8226, 8227]",5102622,5102625,60.82,53.29,
2022_05_06,M87,['Moon'],['L3T'],[True],['Nominal'],16.44,26.96,"[8207, 8208, 8209, 8211, 8212, 8213, 8214]",5102603,5102609,139.68,121.69,
2022_05_06,Mrk421,"['Moon', 'Dark']",['L3T'],[True],['Nominal'],33.53,46.56,"[8215, 8216, 8217]",5102612,5102614,62.06,57.85,
2022_05_07,BLLac,['Dark'],['L3T'],[True],['Nominal'],42.52,60.41,"[8256, 8257, 8258, 8259, 8260]",5102659,5102663,91.52,89.87,
2022_05_07,M82,['Moon'],['L3T'],[True],['Nominal'],43.6,51.32,"[8238, 8239, 8240, 8241, 8242, 8243]",5102638,5102643,117.09,110.57,
2022_05_07,PKS1510-089,['Moon'],['L3T'],[True],"['Nominal', 'Reduced']",37.54,43.17,"[8244, 8245, 8246, 8247, 8249]",5102646,5102650,90.68,87.07,
2022_05_08,BLLac,['Dark'],['L3T'],[True],['Nominal'],45.5,60.3,"[8280, 8281, 8282, 8283]",5102691,5102697,72.5,67,
2022_05_08,GalacticCent,['Dark'],['L3T'],[True],"['Reduced', 'Nominal']",58.1,60.46,"[8278, 8279]",5102687,5102688,28.1,27.98,
2022_05_08,M82,['Moon'],['L3T'],[True],['Nominal'],41.96,59.27,"[8263, 8264, 8265, 8266, 8267, 8268, 8269, 8270, 8271, 8272, 8273]",5102668,5102679,191.84,183.64,
2022_05_08,Mrk501,['Moon'],['L3T'],[True],['Nominal'],13.41,22.52,"[8274, 8275, 8276]",5102682,5102684,56.11,52.84,
2022_05_09,M82,['Moon'],['L3T'],[True],['Nominal'],42.32,48.58,"[8289, 8290, 8292, 8293, 8294]",5102704,5102709,85.84,57.13,
2022_05_19,GRB220519,['Dark'],['L3T'],[True],['Nominal'],57.56,60.56,[8362],5102785,5102785,18.78,0,
2022_05_19,Mrk421,['Dark'],['L3T'],[True],['Nominal'],16.28,22.69,"[8359, 8360]",5102775,5102776,30.03,30.03,
2022_05_21,GRB220521,"['Dark', 'Moon']",['L3T'],[True],['Nominal'],19.57,55.7,"[8392, 8393, 8394, 8395, 8396, 8397, 8398, 8399, 8400, 8401, 8402, 8403]",5102828,5102837,164.65,51.84,
2022_05_21,Mrk421,['Dark'],['L3T'],[True],['Nominal'],21.3,24.98,[8387],5102823,5102823,19.68,15,
2022_05_22,1ES1028+51,['Dark'],['L3T'],[True],['Nominal'],34.56,44.3,"[8407, 8408, 8409]",5102855,5102857,41.25,11.32,
2022_05_22,Mrk501,['Moon'],['L3T'],[True],['Nominal'],17.46,23.89,"[8418, 8419]",5102877,5102878,36.71,33.66,
2022_05_23,Mrk421,"['Moon', 'Dark']",['L3T'],[True],['Nominal'],21.15,26.04,"[8422, 8423]",5102888,5102889,25.84,24.34,
2022_05_23,PG1553+113,['Dark'],['L3T'],[True],['Nominal'],37.03,42.31,"[8424, 8425]",5102892,5102893,24.89,24.89,
2022_05_25,GalacticCent,['Dark'],['L3T'],[True],['Nominal'],59.07,64.63,"[8467, 8468, 8469, 8470]",5102933,5102936,31.51,24.07,
2022_05_25,Mrk421,"['Moon', 'Dark']",['L3T'],[True],['Nominal'],22.52,30.95,"[8455, 8456, 8457]",5102921,5102922,25.71,0,
2022_05_27,GRB220527A,['Dark'],['L3T'],[True],['Nominal'],51.23,53.95,[8501],5103007,5103008,20.11,0,
2022_05_27,LhaasoJ1956+,['Dark'],['L3T'],[True],['Nominal'],26.91,42.49,"[8494, 8496]",5102994,5102997,49.01,11.84,
2022_05_28,LhaasoJ1956+,['Dark'],['L3T'],[True],['Nominal'],30.5,43.04,"[8515, 8516, 8517, 8518]",5103025,5103028,60.37,0,
2022_05_28,Mrk501,['Dark'],['L3T'],[True],['Nominal'],26.59,35.14,"[8521, 8522, 8523]",5103036,5103038,45.57,38.09,
2022_05_29,Mrk421,['Dark'],['L1_M1'],[False],['Nominal'],25.01,28.69,"[8526, 8527]",1501779,1501780,18.64,16.57,
2022_05_31,B21348+30B,['Dark'],['L3T'],[True],['Nominal'],5.03,14.82,"[8561, 8562, 8565, 8566]",5103057,5103061,15.47,10.34,
2022_06_01,B21348+30B,"['Moon', 'Dark']",['L3T'],[True],['Nominal'],2.78,14.21,"[8576, 8577, 8578, 8579, 8580, 8581, 8582]",5103090,5103095,57.86,56.65,
2022_06_02,Mrk421,['Moon'],['L3T'],[True],['Nominal'],32.68,33.59,[8593],5103123,5103123,4.68,4.68,
2022_06_02,PG1553+113,['Dark'],['L3T'],[True],['Nominal'],17.21,18.5,"[8600, 8601, 8602]",5103135,5103136,5.33,4.32,
2022_06_02,SGR1935+2154,['Dark'],['L3T'],[True],['Nominal'],6.82,26.69,"[8607, 8608, 8609, 8610, 8611, 8612, 8613, 8614]",5103147,5103158,126.17,0,
2022_06_05,GalacticCent,['Dark'],['L3T'],[True],['Nominal'],59.2,60.65,"[8697, 8698]",5103237,5103239,40.28,38.28,
2022_06_05,S40954+65,"['Moon', 'Dark']",['L3T'],[True],['Nominal'],48.63,54.54,"[8665, 8666, 8667, 8668]",5103226,5103229,52.13,51.21,
2022_06_06,USco,['Moon'],['L3T'],[True],['Nominal'],53.69,61.89,"[8707, 8708, 8709]",5103247,5103249,52.19,43.43,
2022_06_07,USco,"['Moon', 'Dark']",['L3T'],[True],['Nominal'],46.6,65.14,"[8745, 8747, 8748, 8749, 8750, 8751, 8752, 8753, 8754, 8755]",5103274,5103289,197.64,2.13,
2022_06_17,PG1553+113,['Moon'],['L3T'],[True],['Nominal'],19.55,21.82,[8786],5103393,5103394,20.12,17.25,
2022_06_20,Boomerang-Ta,['Dark'],['L3T'],[True],['Nominal'],66.98,67.06,[8820],5103449,5103449,0.74,0.74,
2022_06_20,Mrk501,['Dark'],['L1_M1_M2'],[True],['Nominal'],14.82,16.16,"[8818, 8819]",5103446,5103446,8.7,1.77,
2022_06_22,LhaasoJ1956+,['Moon'],['L3T'],[True],['Nominal'],17.38,21.7,[8855],5103514,5103514,19.84,19.18,
2022_06_22,OP313,['Dark'],['L3T'],[True],['Nominal'],35.19,48.61,"[8844, 8845, 8846, 8847]",5103489,5103491,52.03,37,
2022_06_23,GalacticCent,['Dark'],['L3T'],[True],['Nominal'],57.09,59.92,"[8868, 8869, 8870, 8871, 8872]",5103525,5103529,97.59,90.54,
2022_06_23,LhaasoJ1956+,['Moon'],['L3T'],[True],['Nominal'],15.36,22.13,"[8873, 8874, 8875]",5103540,5103541,22.49,20.28,
2022_06_24,GalacticCent,['Dark'],['L3T'],[True],['Nominal'],57.39,58.79,"[8887, 8888, 8889, 8890]",5103557,5103560,72.62,68.22,
2022_06_24,IC20220624A,['Dark'],['L3T'],[True],['Nominal'],18.13,28.44,"[8882, 8883, 8884, 8885]",5103552,5103554,57.17,3.25,
2022_06_24,LhaasoJ1956+,['Moon'],['L3T'],[True],['Nominal'],7.32,20.15,"[8897, 8898, 8899]",5103571,5103573,64.1,55.16,
2022_06_24,SGR1935+2154,['Dark'],['L3T'],[True],['Nominal'],6.41,16.62,"[8891, 8892, 8893, 8894, 8895, 8896]",5103563,5103568,111.89,0,
2022_06_29,Cygnus-XNort,['Dark'],['L3T'],[True],['Nominal'],16.14,21.88,"[8988, 8989, 8990]",5103711,5103713,43.66,43.05,
2022_06_29,GalacticCent,['Dark'],['L3T'],[True],['Nominal'],57.93,62.4,"[8972, 8973, 8974, 8975]",5103686,5103693,47.66,21.6,
2022_06_29,Mrk501,['Dark'],['L3T'],[True],['Nominal'],15.02,26.44,"[8976, 8977, 8978, 8979]",5103696,5103698,51.2,45.21,
2022_06_29,OP313,['Dark'],['L3T'],[True],['Nominal'],28.06,34.28,"[8969, 8970]",5103683,5103683,21.16,9,
2022_09_20,1ES2344+514,['Dark'],['L1_M2'],[False],['Nominal'],24.31,29.12,"[9247, 9248, 9249, 9250]",2005550,2005553,54.21,39.71,
2022_09_20,CrabNebula,"['Dark', 'Moon']",['L1_M2'],[False],['Nominal'],47.4,56.11,"[9251, 9252, 9253]",2005556,2005557,32.42,0,
2022_09_21,1ES1959+650,['Dark'],['L1_M2'],[False],['Nominal'],36.66,39.21,"[9259, 9260, 9261]",2005572,2005574,44.53,37.63,
2022_09_21,BLLac,['Dark'],['L1_M2'],[False],['Nominal'],13.65,23.15,"[9262, 9263, 9264, 9265, 9266, 9267, 9268]",2005577,2005583,108,103.58,
2022_09_21,CrabNebula,"['Dark', 'Moon']",['L1_M2'],[False],['Nominal'],17.28,60.32,"[9273, 9274, 9275, 9276, 9277, 9278, 9279, 9280, 9281]",2005592,2005601,164.63,99.17,
2022_09_21,LSI+61,['Dark'],['L1_M2'],[False],['Nominal'],36.34,44.36,"[9269, 9270, 9271, 9272]",2005586,2005589,75.75,72.51,
2022_09_22,1ES2344+514,['Dark'],['L1_M2'],[False],['Nominal'],24.52,32.27,"[9352, 9353, 9354, 9355]",2005615,2005620,30.63,10.22,
2022_09_22,CrabNebula,"['Dark', 'Moon']",['L1_M2'],[False],['Nominal'],16.75,30.27,"[9367, 9368, 9369, 9370]",2005634,2005637,58.75,58.01,
2022_09_22,S20109+22,['Dark'],['L1_M2'],[False],['Nominal'],6.03,25.32,"[9357, 9359, 9360, 9361, 9362, 9363, 9364, 9365]",2005623,2005631,147.24,142.44,
2022_09_29,CrabNebula,['Dark'],['L1_M2'],[False],['Nominal'],8.37,25.77,"[9434, 9435, 9436, 9437, 9438]",2005679,2005683,85.65,77.8,
2022_09_29,MAXIJ1848-01,"['Moon', 'Dark']",['L1_M2'],[False],['Nominal'],38.04,52.76,"[9415, 9416, 9417, 9418, 9419]",2005652,2005656,77.43,73.39,
2022_09_30,1ES2344+514,['Dark'],['L1_M2'],[False],['Nominal'],24.3,24.65,[9442],2005690,2005690,6.58,6.58,
2022_09_30,GRB220930A,['Dark'],['L1_M2'],[False],['Nominal'],15.36,52.58,"[9443, 9445, 9446, 9447, 9448, 9449, 9450]",2005693,2005701,139.54,126.11,
2022_10_01,BLLac,['Moon'],['L1_M2'],[False],['Nominal'],13.52,29.05,"[9453, 9454, 9455, 9456, 9457, 9458, 9459, 9460, 9461]",2005706,2005712,103.34,97.24,
2022_10_01,CrabNebula,['Dark'],['L1_M2'],[False],['Nominal'],8.63,37.76,"[9513, 9514, 9516, 9518, 9519, 9520]",2005729,2005735,71.47,57.64,
2022_10_01,LHAASOJ0341+,['Dark'],['L1_M2'],[False],['Nominal'],27.48,28.56,"[9510, 9511, 9512]",2005725,2005726,9.67,9.67,
2022_10_12,GRB221009A,['Moon'],['L1_M2'],[False],['Reduced'],33.22,54.72,"[9613, 9614, 9615, 9616, 9617]",2005781,2005785,86.82,86.22,
2022_10_15,GRB221009A,"['Dark', 'Moon']",['L1_M2'],[False],['Nominal'],46.73,61.67,"[9627, 9628, 9629, 9630]",2005797,2005800,47.24,44.5,
2022_10_17,BLLac,"['Dark', 'Moon']",['L1_M2'],[False],['Nominal'],24.93,55.09,"[9678, 9679, 9680, 9681, 9682, 9683, 9684, 9685]",2005815,2005822,158.06,155.32,
2022_10_17,GRB221009A,['Dark'],['L1_M2'],[False],['Nominal'],25.54,61.01,"[9670, 9671, 9672, 9673, 9674, 9675, 9676, 9677]",2005805,2005812,154.44,146.62,
2022_10_18,CrabNebula,['Moon'],['L1_M2'],[False],['Nominal'],7.48,13.6,"[9714, 9715, 9716]",2005835,2005837,36.48,31.15,
2022_10_19,BLLac,['Dark'],['L1_M2'],[False],['Nominal'],22.98,59.96,"[9729, 9730, 9731, 9732, 9733, 9734, 9735, 9736, 9737, 9738, 9739]",2005855,2005864,187.78,184.94,
2022_10_19,Boomerang-Ta,['Moon'],['L1_M2'],[False],['Nominal'],55.98,69.99,"[9740, 9741, 9742, 9743, 9744, 9745]",2005868,2005873,114.75,108.03,
2022_10_19,LSI+61,['Moon'],['L1_M2'],[False],['Nominal'],41.39,50.78,"[9746, 9747, 9748, 9749]",2005876,2005879,80.2,74.06,
2022_10_19,SGR1935+2154,['Dark'],['L1_M2'],[False],['Nominal'],19.82,52.81,"[9722, 9723, 9724, 9725, 9726, 9727, 9728]",2005845,2005852,140.52,133.79,
2022_10_20,BLLac,['Dark'],['L1_M2'],[False],['Nominal'],16.09,45.41,"[9753, 9754, 9755, 9756, 9757, 9758, 9759, 9760, 9761]",2005892,2005900,157.47,120.92,
2022_10_20,Boomerang-Ta,"['Dark', 'Moon']",['L1_M2'],[False],['Nominal'],62.8,70.28,"[9786, 9787, 9788, 9789]",2005912,2005915,57.12,53.08,
2022_10_20,SGR1935+2154,['Dark'],['L1_M2'],[False],['Nominal'],21.49,40.83,[9752],2005885,2005889,88.61,83.93,
2022_10_21,BLLac,['Dark'],['L1_M2'],[False],['Nominal'],24.58,53.71,"[9808, 9809, 9810, 9811, 9812, 9813, 9814, 9815]",2005942,2005949,152.57,150.79,
2022_10_21,Boomerang-Ta,['Dark'],['L1_M2'],[False],['Nominal'],52.07,69.43,"[9817, 9818, 9819, 9820, 9821, 9822, 9823]",2005952,2005958,141.92,135.69,
2022_10_21,CrabNebula,['Dark'],['L1_M2'],[False],['Nominal'],8.08,8.97,[9824],2005961,2005961,6.11,6.11,
2022_10_21,GRB221009A,['Dark'],['L1_M2'],[False],['Nominal'],35.74,60.37,"[9802, 9803, 9804, 9805, 9806, 9807]",2005932,2005939,110.8,102.5,
2022_10_23,BLLac,['Dark'],['L1_M2'],[False],['Nominal'],26.23,59.84,"[9836, 9843, 9844, 9845, 9846, 9847, 9848]",2005985,2005994,119.49,116.9,
2022_10_23,CrabNebula,['Dark'],['L1_M2'],[False],['Nominal'],6.63,30.3,"[9849, 9850, 9851, 9852, 9853, 9854, 9855]",2005997,2006004,157.04,124.66,
2022_10_23,GRB221009A,['Dark'],['L1_M2'],[False],['Nominal'],32.7,62.13,"[9829, 9830, 9831, 9832, 9833, 9834, 9835]",2005976,2005982,128.93,123.07,
2022_10_23,Mrk501,['Dark'],['L1_M2'],[False],['Nominal'],51.08,55.57,"[9827, 9828]",2005972,2005973,22.11,21.67,
2022_10_24,BLLac,['Dark'],['L1_M2'],[False],['Nominal'],29.32,37.73,"[9865, 9866, 9867]",2006012,2006016,42.21,32.3,
2022_10_24,Boomerang-Ta,['Dark'],['L1_M2'],[False],['Nominal'],54.74,63.66,"[9874, 9875, 9876, 9877]",2006022,2006025,77.56,47.38,
2022_10_24,CrabNebula,['Dark'],['L1_M2'],[False],['Nominal'],7.31,13.5,"[9879, 9880]",2006028,2006028,38.95,6.77,
2022_10_24,GRB221009A,['Dark'],['L1_M2'],[False],['Nominal'],54.83,59.04,[9862],2006009,2006009,19.27,0,
2022_10_24,GRB221023A,['Dark'],['L1_M2'],[False],['Nominal'],54.08,61.08,"[9886, 9887]",2006031,2006031,30.1,1.81,
2022_10_25,BLLac,['Dark'],['L1_M2'],[False],['Nominal'],24.4,53.46,"[9892, 9893, 9894, 9895, 9896, 9897, 9900]",2006047,2006054,117.19,61.17,
2022_10_25,GRB221009A,['Dark'],['L1_M2'],[False],['Nominal'],47.29,60.64,"[9889, 9890, 9891]",2006042,2006044,58.45,44.13,
2022_10_26,GRB221009A,['Dark'],['L1_M2'],[False],['Nominal'],39.92,56.09,"[9917, 9919]",2006062,2006068,55.45,32.66,
2022_10_27,BLLac,['Dark'],['L1_M2'],[False],['Nominal'],35.86,52.47,"[9940, 9941, 9942, 9943, 9944]",2006112,2006116,86.93,20.7,
2022_10_27,CrabNebula,['Dark'],['L1_M2'],[False],['Nominal'],9.28,42.83,"[9945, 9946, 9947, 9948, 9949, 9950, 9951]",2006119,2006126,215.5,128.52,
2022_10_27,GRB221009A,['Dark'],['L1_M2'],[False],['Nominal'],38.6,44.27,"[9932, 9933, 9934]",2006102,2006103,4.76,4.76,
2022_10_27,Mrk421,['Dark'],['L1_M2'],[False],['Nominal'],47.76,59.98,"[9952, 9953]",2006129,2006130,58.31,39.27,
2022_10_28,BLLac,['Dark'],['L1_M2'],[False],['Nominal'],41.49,60.13,"[9969, 9970, 9971, 9972, 9973]",2006153,2006156,86.91,67.24,
2022_10_28,Boomerang-Ta,['Dark'],['L1_M2'],[False],['Nominal'],57.57,66.04,"[9976, 9977, 9978]",2006159,2006162,69.12,61.73,
2022_10_28,CrabNebula,['Dark'],['L1_M2'],[False],['Nominal'],6.5,10.73,"[9981, 9982, 9983]",2006166,2006168,41.36,39.85,
2022_10_28,GRB221009A,"['Moon', 'Dark']",['L1_M2'],[False],['Nominal'],35.98,54.57,"[9956, 9957, 9958, 9959, 9960]",2006136,2006140,81.82,79.42,
2022_10_28,GRB221028A,['Dark'],['L1_M2'],[False],['Nominal'],30.92,53.22,"[9961, 9962, 9963, 9964, 9965, 9966, 9967, 9968]",2006143,2006150,101.23,88.22,
2022_10_28,Mrk421,['Dark'],['L1_M2'],[False],['Nominal'],46.73,57.66,"[9985, 9986, 9987]",2006171,2006173,57.27,55.7,
2022_10_29,1ES1959+650,['Dark'],['L1_M2'],[False],['Nominal'],52.11,57.4,"[9990, 9991, 9992]",2006188,2006190,56.85,38.53,
2022_10_29,BLLac,['Dark'],['L1_M2'],[False],['Nominal'],38.93,47.95,"[9993, 9994, 9995]",2006193,2006195,45.01,44.41,
2022_10_29,CrabNebula,['Dark'],['L1_M2'],[False],['Nominal'],6.81,27.55,"[9996, 9997, 9998, 9999, 10000, 10001, 10002]",2006202,2006207,104.26,102.89,
2022_10_30,1ES1959+650,"['Moon', 'Dark']",['L1_M2'],[False],['Nominal'],50.54,61.86,"[10003, 10004, 10005, 10006, 10007, 10008]",2006229,2006234,97.6,96.22,
2022_10_30,1ES2344+514,['Dark'],['L1_M2'],[False],['Nominal'],35.99,45.25,"[10009, 10011, 10012]",2006238,2006241,33.94,33.13,
2022_10_30,Mrk421,['Dark'],['L1_M2'],[False],['Nominal'],45.55,60.32,"[10016, 10017, 10018, 10019]",2006254,2006257,72.6,69.19,
2022_10_31,BLLac,"['Moon', 'Dark']",['L1_M2'],[False],['Nominal'],25.32,53.85,"[10022, 10023, 10024, 10025, 10026, 10027, 10028, 10029]",2006268,2006275,146.17,114.02,
2022_10_31,CrabNebula,['Dark'],['L1_M2'],[False],['Nominal'],6.52,41.14,"[10030, 10031, 10032, 10033, 10034, 10035, 10036, 10037, 10038, 10039, 
10040, 10041]",2006278,2006288,183.69,177.46,
2022_10_31,GRB221009A,['Moon'],['L1_M2'],[False],['Nominal'],58.13,60.92,[10021],2006265,2006265,12.81,0,
2022_10_31,Mrk421,['Dark'],['L1_M2'],[False],['Nominal'],44.17,50.89,"[10044, 10045]",2006293,2006294,35.46,34.75,
2022_11_01,CrabNebula,"['Moon', 'Dark']",['L1_M2'],[False],['Nominal'],6.53,50.73,"[10078, 10079, 10080, 10081, 10082, 10083, 10084, 10085, 10086, 10087, 
10088, 10089, 10090]",2006299,2006311,249.23,241.25,
2022_11_01,Mrk421,['Dark'],['L1_M2'],[False],['Nominal'],42.92,57.55,"[10092, 10093, 10094, 10095]",2006314,2006317,70.97,62.86,
2022_11_02,CrabNebula,"['Moon', 'Dark']",['L1_M2'],[False],['Nominal'],6.52,42.61,"[10206, 10207, 10208, 10209, 10210, 10211, 10212, 10213, 10214, 10215]",2006322,2006334,176.29,97.04,
2022_11_02,Mrk421,['Dark'],['L1_M2'],[False],['Nominal'],42.72,56.85,"[10217, 10218, 10219, 10220, 10221]",2006337,2006341,63.73,62.24,
2022_11_04,CrabNebula,['Moon'],['L1_M2'],[False],['Reduced'],6.59,60.22,"[10318, 10319, 10320, 10321, 10322, 10323, 10324, 10325, 10326, 10327, 
10328, 10329, 10330, 10331, 10332, 10333]",2006409,2006431,252.79,232.84,
2022_11_05,CrabNebula,['Moon'],['L1_M2'],[False],['Reduced'],6.53,56.06,"[10339, 10340, 10341, 10342, 10343, 10344, 10345, 10346, 10347, 10348, 
10349, 10350, 10351, 10352, 10353, 10356, 10357, 10358]",2006445,2006464,284.93,261.97,
2022_11_12,FRB20220912A,['Dark'],['L3T'],[True],['Nominal'],20.11,34.4,"[10497, 10498]",2006485,2006489,155.25,46.64,
2022_11_14,FRB20220912A,['Dark'],['L3T'],[True],['Nominal'],25.56,34.38,[10520],2006506,2006509,63.67,62.37,
2022_11_16,BLLac,['Dark'],['L3T'],[True],['Nominal'],49.53,60.15,"[10616, 10617, 10618, 10619]",2006558,2006561,53.27,52.37,
2022_11_16,Boomerang-Ta,['Moon'],['L3T'],[True],['Nominal'],62.95,70.54,"[10624, 10625, 10626, 10627, 10628, 10629]",2006571,2006575,49.14,40.59,
2022_11_16,FRB20220912A,['Dark'],['L3T'],[True],['Nominal'],23.9,38.21,[10615],2006549,2006555,103.14,93.43,
2022_11_16,GRB221009A,['Dark'],['L3T'],[True],['Nominal'],49.16,67.28,"[10611, 10613, 10614]",2006539,2006546,57.4,24.36,
2022_11_18,BLLac,['Dark'],['L3T'],[True],['Nominal'],49.44,62.2,"[10827, 10828, 10829]",2006632,2006635,54.49,34.58,
2022_11_18,CrabNebula,['Moon'],['L1_M2'],[False],['Nominal'],25.91,46.13,"[10860, 10861, 10862, 10863, 10864, 10865]",2006659,2006664,85.06,83.25,
2022_11_19,FRB20220912A,['Dark'],['L1_M2'],[False],['Nominal'],27.73,36.97,[10868],2006669,2006672,63.06,10.28,
2022_11_20,Boomerang-Ta,['Dark'],['L1_M2'],[False],['Nominal'],62.51,69.86,"[10905, 10906, 10907]",2006706,2006710,61.91,32.94,
2022_11_20,CrabNebula,"['Dark', 'Moon']",['L1_M2'],[False],['Nominal'],6.97,47.73,"[10909, 10910, 10911, 10912, 10913, 10914, 10915, 10916, 10917, 10918, 
10919, 10920]",2006713,2006724,214.66,186.17,
2022_11_20,FRB20220912A,['Dark'],['L1_M2'],[False],['Nominal'],35.83,57.31,[10904],2006697,2006703,131.99,126.71,
2022_11_20,GRB221009A,"['Moon', 'Dark']",['L1_M2'],[False],['Nominal'],44.88,70.21,"[10892, 10893, 10894, 10895, 10896, 10897, 10898, 10899]",2006680,2006687,112.3,110.03,